2023-01-29 00:01:21,TrackerC2Bot,ip,77.73.133.19,#malware,https://twitter.com/TrackerC2Bot/status/1619485814659989504
2023-01-29 00:01:49,RedPacketSec,md5,c1f8ec1bc65359d192fcd18d7cffb958,#malware,https://twitter.com/RedPacketSec/status/1619485934017290240
2023-01-29 00:01:50,RedPacketSec,md5,bfb5e25db4aa506dd821667fe22d8a0e,#malware,https://twitter.com/RedPacketSec/status/1619485935086850050
2023-01-29 00:01:50,RedPacketSec,md5,f2a5e61709415d155b3a251f5bae6a2f,#malware,https://twitter.com/RedPacketSec/status/1619485936148008960
2023-01-29 00:01:50,RedPacketSec,md5,970848bfcc1c80ef7334112696e02b2c,#malware,https://twitter.com/RedPacketSec/status/1619485937167220737
2023-01-29 00:01:50,RedPacketSec,md5,93dc9f86cc0b02d0c89599099447ab86,#malware,https://twitter.com/RedPacketSec/status/1619485938094063616
2023-01-29 00:01:51,RedPacketSec,md5,f1c1bb775bdefa793a8c6add1e10ab04,#malware #ransomware,https://twitter.com/RedPacketSec/status/1619485942032601088
2023-01-29 00:01:51,RedPacketSec,md5,8d7df991938615da66351c6ff74b9d3d,#malware,https://twitter.com/RedPacketSec/status/1619485941101379584
2023-01-29 00:01:51,RedPacketSec,md5,292c2041324167f161a057a980b1e6d0,#malware,https://twitter.com/RedPacketSec/status/1619485939167895552
2023-01-29 00:01:51,RedPacketSec,md5,82fddf18257b88127a7ec61e79a5208a,#malware,https://twitter.com/RedPacketSec/status/1619485940187013123
2023-01-29 00:09:03,AtomSpam,url,https://printsense.ca/,#phishing,https://twitter.com/AtomSpam/status/1619487751421714440
2023-01-29 00:12:25,AtomSpam,url,https://0vdf45.csb.app/,#phishing,https://twitter.com/AtomSpam/status/1619488599883251725
2023-01-29 00:15:12,AtomSpam,url,https://s.smcbazmstcszu.icu/,#phishing,https://twitter.com/AtomSpam/status/1619489300361498625
2023-01-29 00:15:13,RdpSnitch,ip,142.93.8.59,,https://twitter.com/RdpSnitch/status/1619489304153047042
2023-01-29 00:15:13,RdpSnitch,ip,118.40.152.117,,https://twitter.com/RdpSnitch/status/1619489303020675077
2023-01-29 00:15:13,RdpSnitch,ip,135.148.59.38,,https://twitter.com/RdpSnitch/status/1619489303020675077
2023-01-29 00:15:13,RdpSnitch,ip,45.80.29.20,,https://twitter.com/RdpSnitch/status/1619489303020675077
2023-01-29 00:19:21,AtomSpam,url,http://www.sqrmnwae.cf/,#phishing,https://twitter.com/AtomSpam/status/1619490344239775749
2023-01-29 00:21:56,ecarlesi,url,https://kr-metamask.network,#phishing,https://twitter.com/ecarlesi/status/1619490994877091841
2023-01-29 00:23:55,AtomSpam,url,http://cm47536.tw1.ru/axe/orange22/,#phishing,https://twitter.com/AtomSpam/status/1619491491864272897
2023-01-29 00:29:03,AtomSpam,url,http://www.vmkikuxe.ml/,#phishing,https://twitter.com/AtomSpam/status/1619492786478137345
2023-01-29 00:32:04,AtomSpam,url,http://www.glutfgua.ga/,#phishing,https://twitter.com/AtomSpam/status/1619493542908289025
2023-01-29 00:34:58,AtomSpam,url,https://www.vmkikuxe.ga/,#phishing,https://twitter.com/AtomSpam/status/1619494274147426305
2023-01-29 00:36:02,ecarlesi,url,http://ameli-crtvitale.com/,#phishing,https://twitter.com/ecarlesi/status/1619494541819617280
2023-01-29 00:36:52,ecarlesi,url,https://ameli-crtvitale.com/,#phishing,https://twitter.com/ecarlesi/status/1619494751241179136
2023-01-29 00:38:46,PhishStats,url,http://sidneyrealestates.com/,#phishing,https://twitter.com/PhishStats/status/1619495229370912768
2023-01-29 00:38:46,PhishStats,ip,205.144.171.227,#phishing,https://twitter.com/PhishStats/status/1619495229370912768
2023-01-29 00:39:03,AtomSpam,url,https://192.161.165.211/,#phishing,https://twitter.com/AtomSpam/status/1619495302511165441
2023-01-29 00:39:03,AtomSpam,ip,192.161.165.211,#phishing,https://twitter.com/AtomSpam/status/1619495302511165441
2023-01-29 00:40:45,harugasumi,url,https://id.axme-pom.jp/,#phishing,https://twitter.com/harugasumi/status/1619495729164328961
2023-01-29 00:40:45,harugasumi,ip,115.144.69.14,#phishing,https://twitter.com/harugasumi/status/1619495729164328961
2023-01-29 00:43:11,AtomSpam,url,https://pay-jontok92.vercel.app/,#phishing,https://twitter.com/AtomSpam/status/1619496342987968512
2023-01-29 00:46:39,harugasumi,url,https://www.goto-etc-co.upansdn.pqewmgj.cn/jp,#phishing,https://twitter.com/harugasumi/status/1619497214749085698
2023-01-29 00:46:39,harugasumi,ip,45.42.215.127,#phishing,https://twitter.com/harugasumi/status/1619497214749085698
2023-01-29 00:53:40,HackProtectSi,domain,binancecoins.com,#phishing,https://twitter.com/HackProtectSi/status/1619498982270722052
2023-01-29 00:53:40,HackProtectSi,domain,coingjecko.com,#phishing,https://twitter.com/HackProtectSi/status/1619498982270722052
2023-01-29 00:59:03,AtomSpam,url,https://competent-margulis.213-32-105-173.plesk.page/credit-agricol/region/,#phishing,https://twitter.com/AtomSpam/status/1619500337286586369
2023-01-29 01:00:34,ecarlesi,url,http://42999.biz/,#malware,https://twitter.com/ecarlesi/status/1619500715126185985
2023-01-29 01:00:57,ecarlesi,url,http://41177.biz/,#malware,https://twitter.com/ecarlesi/status/1619500815315509248
2023-01-29 01:01:48,ecarlesi,url,http://sarahwellingtonxx.org/,#phishing,https://twitter.com/ecarlesi/status/1619501026633039873
2023-01-29 01:01:57,ecarlesi,url,http://sarahwellingtonxx.info/,#phishing,https://twitter.com/ecarlesi/status/1619501064192942080
2023-01-29 01:02:01,harugasumi,url,https://rebrand.ly/tyovqfv,#phishing,https://twitter.com/harugasumi/status/1619501084095188992
2023-01-29 01:02:01,harugasumi,url,https://netstation.sj8vsd8fbh73.com/,#phishing,https://twitter.com/harugasumi/status/1619501084095188992
2023-01-29 01:02:01,harugasumi,ip,45.154.2.49,#phishing,https://twitter.com/harugasumi/status/1619501084095188992
2023-01-29 01:02:43,ecarlesi,url,http://39267.biz/,#malware,https://twitter.com/ecarlesi/status/1619501256778694657
2023-01-29 01:02:47,ecarlesi,url,http://39995.biz/,#malware,https://twitter.com/ecarlesi/status/1619501275418169345
2023-01-29 01:02:49,ecarlesi,url,http://47655.biz/,#malware,https://twitter.com/ecarlesi/status/1619501285010440194
2023-01-29 01:04:06,ecarlesi,url,http://86473.net/,#malware,https://twitter.com/ecarlesi/status/1619501606046961664
2023-01-29 01:04:24,ecarlesi,url,http://21625.net/,#malware,https://twitter.com/ecarlesi/status/1619501679845543936
2023-01-29 01:05:23,ecarlesi,url,https://0787.org/,#malware,https://twitter.com/ecarlesi/status/1619501927448064002
2023-01-29 01:06:24,noladefense,url,http://netflxxconfirmat.hostfree.pw/home/login,#phishing #scam,https://twitter.com/noladefense/status/1619502185925984256
2023-01-29 01:06:24,noladefense,ip,185.27.134.60,#phishing #scam,https://twitter.com/noladefense/status/1619502185925984256
2023-01-29 01:07:10,ecarlesi,url,http://86144.biz/,#malware,https://twitter.com/ecarlesi/status/1619502376347668486
2023-01-29 01:07:16,ecarlesi,url,http://55984.biz/,#malware,https://twitter.com/ecarlesi/status/1619502402641485825
2023-01-29 01:07:57,ecarlesi,url,https://86473.net/,#malware,https://twitter.com/ecarlesi/status/1619502576097181697
2023-01-29 01:08:35,ecarlesi,url,http://pickedupshops.net/,#phishing,https://twitter.com/ecarlesi/status/1619502735954427905
2023-01-29 01:09:03,AtomSpam,url,http://bs117.cc/emsx/para/oxl365/index.php,#phishing,https://twitter.com/AtomSpam/status/1619502850027016193
2023-01-29 01:09:03,ecarlesi,url,https://mygov1-au.net,#phishing,https://twitter.com/ecarlesi/status/1619502851054792704
2023-01-29 01:10:46,ecarlesi,url,http://93967.biz/,#malware,https://twitter.com/ecarlesi/status/1619503285383368704
2023-01-29 01:11:45,AtomSpam,url,http://animalemergancy.com/dance/,#phishing,https://twitter.com/AtomSpam/status/1619503533618860032
2023-01-29 01:13:39,ecarlesi,url,http://19186.biz/,#malware,https://twitter.com/ecarlesi/status/1619504011542921217
2023-01-29 01:14:38,AtomSpam,url,https://54.165.141.36/mua/user/scis/j6unvhzsitlyrxstpnfun4tssjgejkn7dldp6fxsjfxo/3d/no-back-button/,#phishing,https://twitter.com/AtomSpam/status/1619504259015315456
2023-01-29 01:14:38,AtomSpam,ip,54.165.141.36,#phishing,https://twitter.com/AtomSpam/status/1619504259015315456
2023-01-29 01:15:19,ecarlesi,url,http://81287.biz/,#malware,https://twitter.com/ecarlesi/status/1619504427123224576
2023-01-29 01:15:29,ecarlesi,url,http://81229.biz/,#malware,https://twitter.com/ecarlesi/status/1619504472958566400
2023-01-29 01:15:37,ecarlesi,url,https://17764.biz/,#malware,https://twitter.com/ecarlesi/status/1619504505707446272
2023-01-29 01:15:40,ecarlesi,url,https://86144.biz/,#malware,https://twitter.com/ecarlesi/status/1619504519305662464
2023-01-29 01:17:58,ecarlesi,url,https://15499.biz/,#malware,https://twitter.com/ecarlesi/status/1619505096127037440
2023-01-29 01:19:31,AtomSpam,url,https://52.203.34.9/mua/user/scis/j6unvhzsitlyrxstpnfun4tssjgejkn7dldp6fxsjfxo/3d/no-back-button/,#phishing,https://twitter.com/AtomSpam/status/1619505485056458752
2023-01-29 01:19:31,AtomSpam,ip,52.203.34.9,#phishing,https://twitter.com/AtomSpam/status/1619505485056458752
2023-01-29 01:19:43,ecarlesi,url,https://digitalatcusign-on.info/,#phishing,https://twitter.com/ecarlesi/status/1619505536709320708
2023-01-29 01:20:04,ecarlesi,url,https://mygovvalert.org/mygov/,#phishing,https://twitter.com/ecarlesi/status/1619505624961945600
2023-01-29 01:22:06,ecarlesi,url,https://deskreviewonline.info/my_gov/,#phishing,https://twitter.com/ecarlesi/status/1619506134737457155
2023-01-29 01:22:34,AtomSpam,url,https://18.204.183.76/mua/user/scis/j6unvhzsitlyrxstpnfun4tssjgejkn7dldp6fxsjfxo/3d/no-back-button/,#phishing,https://twitter.com/AtomSpam/status/1619506252911886337
2023-01-29 01:22:34,AtomSpam,ip,18.204.183.76,#phishing,https://twitter.com/AtomSpam/status/1619506252911886337
2023-01-29 01:23:01,ecarlesi,url,https://jocar.top/,#malware,https://twitter.com/ecarlesi/status/1619506368163237889
2023-01-29 01:29:02,AtomSpam,url,http://cpptjfn-soq-4.ga/office/common/,#phishing,https://twitter.com/AtomSpam/status/1619507882151534592
2023-01-29 01:36:21,noladefense,ip,162.241.127.193,#phishing #scam,https://twitter.com/noladefense/status/1619509722515734528
2023-01-29 01:39:04,AtomSpam,url,https://34.237.7.142/,#phishing,https://twitter.com/AtomSpam/status/1619510408104099840
2023-01-29 01:39:04,AtomSpam,ip,34.237.7.142,#phishing,https://twitter.com/AtomSpam/status/1619510408104099840
2023-01-29 01:43:10,AtomSpam,url,https://www.academy.tamkine.org/wp-content/zaza/mtbbank/check%20details.html,#phishing,https://twitter.com/AtomSpam/status/1619511437822464001
2023-01-29 01:44:30,ecarlesi,url,https://m-sheba.xyz/ultimatepos-v4.7.7.zip,#phishing,https://twitter.com/ecarlesi/status/1619511774767611904
2023-01-29 01:44:33,ecarlesi,url,https://athenasurv.org/user/login,#phishing,https://twitter.com/ecarlesi/status/1619511786201382912
2023-01-29 01:58:12,ecarlesi,url,https://4e.beauty/,#malware,https://twitter.com/ecarlesi/status/1619515222800097282
2023-01-29 01:59:03,ecarlesi,url,https://athenasurv.org/support/tickets,#phishing,https://twitter.com/ecarlesi/status/1619515433345843201
2023-01-29 02:00:02,dnstwist,domain,dropbgox.com,#phishing,https://twitter.com/dnstwist/status/1619515681145233413
2023-01-29 02:00:43,ecarlesi,url,http://8w.beauty/,#malware,https://twitter.com/ecarlesi/status/1619515855829696512
2023-01-29 02:01:09,ecarlesi,url,https://7uad.site/,#malware,https://twitter.com/ecarlesi/status/1619515963375771650
2023-01-29 02:03:10,ecarlesi,url,http://39388.biz/,#malware,https://twitter.com/ecarlesi/status/1619516471251443712
2023-01-29 02:03:17,ecarlesi,url,http://38166.biz/,#malware,https://twitter.com/ecarlesi/status/1619516501546962945
2023-01-29 02:03:19,ecarlesi,url,https://36629.biz/,#malware,https://twitter.com/ecarlesi/status/1619516506961809408
2023-01-29 02:03:29,ecarlesi,url,http://7d.beauty/,#malware,https://twitter.com/ecarlesi/status/1619516549752098816
2023-01-29 02:04:26,ecarlesi,url,http://37144.biz/,#malware,https://twitter.com/ecarlesi/status/1619516791394279424
2023-01-29 02:06:32,ecarlesi,url,https://spsw2.top/,#malware,https://twitter.com/ecarlesi/status/1619517316596895745
2023-01-29 02:08:00,ecarlesi,url,http://24965.biz/,#malware,https://twitter.com/ecarlesi/status/1619517687134318592
2023-01-29 02:08:50,ecarlesi,url,http://77331.biz/,#malware,https://twitter.com/ecarlesi/status/1619517898480812033
2023-01-29 02:09:09,ecarlesi,url,http://43385.biz/,#malware,https://twitter.com/ecarlesi/status/1619517974674821123
2023-01-29 02:09:16,ecarlesi,url,http://29325.biz/,#malware,https://twitter.com/ecarlesi/status/1619518004131409920
2023-01-29 02:09:25,ecarlesi,url,http://72791.biz/,#malware,https://twitter.com/ecarlesi/status/1619518043394129925
2023-01-29 02:09:48,ecarlesi,url,http://78959.biz/,#malware,https://twitter.com/ecarlesi/status/1619518139372388352
2023-01-29 02:10:13,drb_ra,ip,110.40.227.251,#CobaltStrike,https://twitter.com/drb_ra/status/1619518246285107200
2023-01-29 02:10:13,ecarlesi,url,http://97422.biz/,#malware,https://twitter.com/ecarlesi/status/1619518246947852288
2023-01-29 02:10:17,ecarlesi,url,http://77628.biz/,#malware,https://twitter.com/ecarlesi/status/1619518261833437184
2023-01-29 02:10:52,ecarlesi,url,http://49675.biz/,#malware,https://twitter.com/ecarlesi/status/1619518408877576193
2023-01-29 02:11:48,ecarlesi,url,http://96932.biz/,#malware,https://twitter.com/ecarlesi/status/1619518644811186176
2023-01-29 02:11:58,ecarlesi,url,http://96254.biz/,#malware,https://twitter.com/ecarlesi/status/1619518685516890113
2023-01-29 02:12:09,ecarlesi,url,http://96758.biz/,#malware,https://twitter.com/ecarlesi/status/1619518729955549185
2023-01-29 02:14:11,ecarlesi,url,http://4zigq.top/,#malware,https://twitter.com/ecarlesi/status/1619519245418913793
2023-01-29 02:14:57,ecarlesi,url,https://7s.beauty/,#malware,https://twitter.com/ecarlesi/status/1619519437140369409
2023-01-29 02:15:23,ecarlesi,url,http://prfx.win/,#malware,https://twitter.com/ecarlesi/status/1619519546729324544
2023-01-29 02:16:38,ecarlesi,url,http://xxyf.win/,#malware,https://twitter.com/ecarlesi/status/1619519862023376898
2023-01-29 02:16:40,ecarlesi,url,https://8w.beauty/,#malware,https://twitter.com/ecarlesi/status/1619519868973236224
2023-01-29 02:16:41,ecarlesi,url,https://4zigq.top/,#malware,https://twitter.com/ecarlesi/status/1619519871372648448
2023-01-29 02:16:54,ecarlesi,url,http://32250.biz/,#malware,https://twitter.com/ecarlesi/status/1619519927899283460
2023-01-29 02:16:56,ecarlesi,url,http://47073.biz/,#malware,https://twitter.com/ecarlesi/status/1619519934232657921
2023-01-29 02:17:02,ecarlesi,url,http://unmoody.info/,#phishing,https://twitter.com/ecarlesi/status/1619519959629185025
2023-01-29 02:20:54,ecarlesi,url,https://32250.biz/,#malware,https://twitter.com/ecarlesi/status/1619520933437517826
2023-01-29 02:20:56,ecarlesi,url,https://unmoody.info/,#phishing,https://twitter.com/ecarlesi/status/1619520942006480897
2023-01-29 02:22:50,ecarlesi,url,https://47073.biz/,#malware,https://twitter.com/ecarlesi/status/1619521419234390016
2023-01-29 02:24:58,ecarlesi,url,http://vrzy.win/,#malware,https://twitter.com/ecarlesi/status/1619521955241070592
2023-01-29 02:26:11,ecarlesi,url,https://96932.biz/,#malware,https://twitter.com/ecarlesi/status/1619522263308550144
2023-01-29 02:27:07,ecarlesi,url,http://78791.biz/,#malware,https://twitter.com/ecarlesi/status/1619522498499956736
2023-01-29 02:27:15,ecarlesi,url,http://iuhk.win/,#malware,https://twitter.com/ecarlesi/status/1619522530364227585
2023-01-29 02:28:18,ecarlesi,url,http://xheh.win/,#malware,https://twitter.com/ecarlesi/status/1619522794953515009
2023-01-29 02:29:29,ecarlesi,url,http://wued.win/,#malware,https://twitter.com/ecarlesi/status/1619523095035023361
2023-01-29 02:30:31,ecarlesi,url,http://78225.biz/,#malware,https://twitter.com/ecarlesi/status/1619523354674733056
2023-01-29 02:30:42,ecarlesi,url,http://vewb.win/,#malware,https://twitter.com/ecarlesi/status/1619523399558262784
2023-01-29 02:32:08,ecarlesi,url,https://xcopyart.live,#phishing,https://twitter.com/ecarlesi/status/1619523758804598784
2023-01-29 02:33:35,ecarlesi,url,https://tradeworld.exchange/,#phishing,https://twitter.com/ecarlesi/status/1619524127521644545
2023-01-29 02:34:39,ecarlesi,url,http://kgix.win/,#malware,https://twitter.com/ecarlesi/status/1619524395667525633
2023-01-29 02:35:27,ecarlesi,url,https://smstransport.online/,#phishing,https://twitter.com/ecarlesi/status/1619524596604239873
2023-01-29 02:35:47,ecarlesi,url,http://xbwd.win/,#malware,https://twitter.com/ecarlesi/status/1619524677835292672
2023-01-29 02:36:22,ecarlesi,url,http://ztvi.win/,#malware,https://twitter.com/ecarlesi/status/1619524825940099072
2023-01-29 02:37:19,ecarlesi,url,http://knbx.win/,#malware,https://twitter.com/ecarlesi/status/1619525063908237314
2023-01-29 02:38:40,ecarlesi,url,https://smstransport.online/mak/rew/ueo/dame/trix/chic/,#phishing,https://twitter.com/ecarlesi/status/1619525405190533120
2023-01-29 02:45:46,ecarlesi,url,http://zird.win/,#malware,https://twitter.com/ecarlesi/status/1619527190340833282
2023-01-29 02:46:59,ecarlesi,url,https://clnrone-extension-fdgfkebogiimcoedliclksmjkdkgfkjh.cfd,#phishing,https://twitter.com/ecarlesi/status/1619527497942532097
2023-01-29 02:47:04,ecarlesi,url,https://clnrone-extension-fdgfkebogiimcoedliclksmjkdkgfkjh.buzz,#phishing,https://twitter.com/ecarlesi/status/1619527518045749248
2023-01-29 02:48:17,ecarlesi,url,http://touch-eat-merchant.fr/scoot/wordpress-2.zip,#phishing,https://twitter.com/ecarlesi/status/1619527824171470850
2023-01-29 02:49:53,ecarlesi,url,http://clnrone-extension-fdgfkebogiimcoedliclksmjkdkgfkjh.sbs,#phishing,https://twitter.com/ecarlesi/status/1619528225830445056
2023-01-29 02:49:56,quicksandphish,url,https://crusw.putoptical.top,#phishing,https://twitter.com/quicksandphish/status/1619528240674242560
2023-01-29 02:51:01,quicksandphish,url,https://sptrc.putoptical.top,#phishing,https://twitter.com/quicksandphish/status/1619528514344214528
2023-01-29 02:51:25,ecarlesi,url,https://fxvv.win/,#malware,https://twitter.com/ecarlesi/status/1619528612763279361
2023-01-29 02:51:59,quicksandphish,url,https://gexdy.putoptical.top,#phishing,https://twitter.com/quicksandphish/status/1619528754963058690
2023-01-29 02:53:22,ecarlesi,url,https://clnrone-extensions-fdgfkebagiimcoedliclksmjkdkjlqfg.cfd,#phishing,https://twitter.com/ecarlesi/status/1619529104390328320
2023-01-29 02:53:59,ecarlesi,url,http://touch-eat-merchant.fr/scoot/__macosx/wordpress-2/wp-includes/requests/,#phishing,https://twitter.com/ecarlesi/status/1619529257797185537
2023-01-29 02:54:02,quicksandphish,url,https://rsuvp.owneralive.top,#phishing,https://twitter.com/quicksandphish/status/1619529270417821698
2023-01-29 02:54:59,quicksandphish,url,https://ilzhv.owneralive.top,#phishing,https://twitter.com/quicksandphish/status/1619529510495592448
2023-01-29 02:56:29,ecarlesi,url,https://bs2acessando.online/,#phishing,https://twitter.com/ecarlesi/status/1619529889912176652
2023-01-29 02:59:58,ecarlesi,url,http://msds.space/,#phishing,https://twitter.com/ecarlesi/status/1619530765225558018
2023-01-29 03:01:51,ecarlesi,url,https://bs2acessando.online/desk/,#phishing,https://twitter.com/ecarlesi/status/1619531240901644288
2023-01-29 03:05:35,ecarlesi,url,http://0787.org/,#malware,https://twitter.com/ecarlesi/status/1619532176600571906
2023-01-29 03:07:14,ecarlesi,url,https://21625.net/,#malware,https://twitter.com/ecarlesi/status/1619532593220706305
2023-01-29 03:09:06,AtomSpam,url,https://ipfs.io/ipfs/qmddpehdfcnadmjufuqafuchyhdhk86a8waqdvekkuzvsi,#phishing,https://twitter.com/AtomSpam/status/1619533065516097537
2023-01-29 03:10:26,ecarlesi,url,http://hjjd.win/,#malware,https://twitter.com/ecarlesi/status/1619533400527740928
2023-01-29 03:11:34,AtomSpam,url,https://s.smcbacmsacszu.icu/,#phishing,https://twitter.com/AtomSpam/status/1619533682762547200
2023-01-29 03:13:16,AtomSpam,url,https://fleek.ipfs.io/ipfs/qmbfqix7te4wjko4ajtbduhuhfp4ubuzebnxxw2u68vv5e/,#phishing,https://twitter.com/AtomSpam/status/1619534111177166848
2023-01-29 03:13:19,ecarlesi,url,https://main-vaultz.site/,#phishing,https://twitter.com/ecarlesi/status/1619534123730608128
2023-01-29 03:13:19,ecarlesi,url,http://hyhb.win/,#malware,https://twitter.com/ecarlesi/status/1619534123948822528
2023-01-29 03:14:37,AtomSpam,url,https://honestanne300.myportfolio.com/,#phishing,https://twitter.com/AtomSpam/status/1619534451280683008
2023-01-29 03:14:55,ecarlesi,url,http://nbuw.win/,#malware,https://twitter.com/ecarlesi/status/1619534525616332800
2023-01-29 03:15:53,ecarlesi,url,http://51751.biz/,#malware,https://twitter.com/ecarlesi/status/1619534770823733248
2023-01-29 03:17:30,AtomSpam,url,https://fragrantinfinity.bancadigita55.repl.co/,#phishing,https://twitter.com/AtomSpam/status/1619535176895455232
2023-01-29 03:19:01,AtomSpam,url,http://lively-evergreen-candytuft.glitch.me/indexxex.html,#phishing,https://twitter.com/AtomSpam/status/1619535557205393410
2023-01-29 03:19:59,quicksandphish,url,https://cwotp.putoptical.top,#phishing,https://twitter.com/quicksandphish/status/1619535802106773504
2023-01-29 03:20:46,ecarlesi,url,http://59889.biz/,#malware,https://twitter.com/ecarlesi/status/1619535997821194244
2023-01-29 03:20:46,ecarlesi,url,http://tvkm.win/,#malware,https://twitter.com/ecarlesi/status/1619536000987824129
2023-01-29 03:21:16,ecarlesi,url,https://sfr-desactivation-support.fr,#phishing,https://twitter.com/ecarlesi/status/1619536125067927552
2023-01-29 03:21:37,AtomSpam,url,https://bafybeia6uscwe7yttxrowc637nr6mf5p62fhxzdz6r5zt4izjhnky6avpy.ipfs.dweb.link/251.html,#phishing,https://twitter.com/AtomSpam/status/1619536213299314688
2023-01-29 03:21:45,ecarlesi,url,http://unhbl.top/,#malware,https://twitter.com/ecarlesi/status/1619536247076147201
2023-01-29 03:23:35,AtomSpam,url,https://bafybeiae4hsdycuz4ikhlkpziywnjpquee2f475ejhgq2hy6u7ixiet44a.ipfs.dweb.link/customindex.html,#phishing,https://twitter.com/AtomSpam/status/1619536708306968576
2023-01-29 03:24:11,PhishStats,url,http://bankkofameriicalogin.accountnotificationupdate.workers.dev/,#phishing,https://twitter.com/PhishStats/status/1619536857481592832
2023-01-29 03:25:13,ecarlesi,url,https://unhbl.top/,#malware,https://twitter.com/ecarlesi/status/1619537121290625025
2023-01-29 03:25:36,ecarlesi,url,https://33390.shop/,#malware,https://twitter.com/ecarlesi/status/1619537215184306177
2023-01-29 03:25:48,AtomSpam,url,https://www.pensione-canimilano.com/public/modules/vpassm/process/2r8rfghrw1a9642fr32a7plu9a9ojpmbc/,#phishing,https://twitter.com/AtomSpam/status/1619537266455502850
2023-01-29 03:26:38,ecarlesi,url,http://x6edi.top/,#malware,https://twitter.com/ecarlesi/status/1619537477433233408
2023-01-29 03:27:06,ecarlesi,url,http://nvgp.win/,#malware,https://twitter.com/ecarlesi/status/1619537592738893825
2023-01-29 03:27:06,AtomSpam,url,http://metamaske.pro/index/metamask/index.html,#phishing,https://twitter.com/AtomSpam/status/1619537594508795907
2023-01-29 03:27:26,ecarlesi,url,https://33393.shop/,#malware,https://twitter.com/ecarlesi/status/1619537675509170178
2023-01-29 03:27:34,ecarlesi,url,http://nwwn.win/,#malware,https://twitter.com/ecarlesi/status/1619537711970369536
2023-01-29 03:30:41,ecarlesi,url,https://x6edi.top/,#malware,https://twitter.com/ecarlesi/status/1619538494480683008
2023-01-29 03:31:39,ecarlesi,url,http://learnoid.xyz/core.zip,#phishing,https://twitter.com/ecarlesi/status/1619538740430491649
2023-01-29 03:33:06,ecarlesi,url,https://ag.33390.shop/?sharename=ag113,#malware,https://twitter.com/ecarlesi/status/1619539102432378880
2023-01-29 03:33:15,ecarlesi,url,https://ag.33393.shop/?sharename=ag114,#malware,https://twitter.com/ecarlesi/status/1619539142823624705
2023-01-29 03:34:34,ecarlesi,url,https://3p.beauty/,#malware,https://twitter.com/ecarlesi/status/1619539471048794115
2023-01-29 03:36:19,noladefense,url,https://cpaneladmin-secondary.z13.web.core.windows.net/,#phishing #scam,https://twitter.com/noladefense/status/1619539913392754689
2023-01-29 03:36:19,noladefense,ip,20.60.80.208,#phishing #scam,https://twitter.com/noladefense/status/1619539913392754689
2023-01-29 03:40:07,AtomSpam,url,https://bafybeifirdh763hbydjefgplx36x4f4ogtyrxc7e6ixuedgwf5wvjjvxqq.ipfs.dweb.link/,#phishing,https://twitter.com/AtomSpam/status/1619540868410576899
2023-01-29 03:40:36,ecarlesi,url,https://3h.beauty/,#malware,https://twitter.com/ecarlesi/status/1619540992478035968
2023-01-29 03:41:29,AtomSpam,url,https://achieved-fortune-butterkase.glitch.me/alerosx.html,#phishing,https://twitter.com/AtomSpam/status/1619541215115886592
2023-01-29 03:43:20,ecarlesi,url,http://cxja0.top/,#malware,https://twitter.com/ecarlesi/status/1619541678104387584
2023-01-29 03:44:06,noladefense,ip,155.94.156.179,#phishing #scam,https://twitter.com/noladefense/status/1619541873349251074
2023-01-29 03:44:06,noladefense,url,https://sdlgds.com.cn/,#phishing #scam,https://twitter.com/noladefense/status/1619541873349251074
2023-01-29 03:44:38,noladefense,url,https://deweier.com.cn/,#phishing #scam,https://twitter.com/noladefense/status/1619542005599850496
2023-01-29 03:45:16,ecarlesi,url,https://cxja0.top/,#malware,https://twitter.com/ecarlesi/status/1619542164543008768
2023-01-29 03:46:47,noladefense,url,https://puhuacapital.com.cn/,#phishing #scam,https://twitter.com/noladefense/status/1619542546308550656
2023-01-29 03:47:01,ecarlesi,url,https://2t.beauty/,#malware,https://twitter.com/ecarlesi/status/1619542605657686016
2023-01-29 03:47:09,ecarlesi,url,https://huntvfgh.link/,#phishing,https://twitter.com/ecarlesi/status/1619542641179348994
2023-01-29 03:47:58,ecarlesi,url,http://q4vy0.top/,#malware,https://twitter.com/ecarlesi/status/1619542843026202627
2023-01-29 03:48:12,ecarlesi,url,https://q4vy0.top/,#malware,https://twitter.com/ecarlesi/status/1619542903159947267
2023-01-29 03:49:53,ecarlesi,url,https://3v.beauty/,#malware,https://twitter.com/ecarlesi/status/1619543327740665856
2023-01-29 03:51:35,ecarlesi,url,https://huntvfgh.link/login,#phishing,https://twitter.com/ecarlesi/status/1619543754561490945
2023-01-29 03:53:43,ecarlesi,url,https://m-tsecurity.online/email.php,#phishing,https://twitter.com/ecarlesi/status/1619544292548087814
2023-01-29 03:54:35,ecarlesi,url,https://m-tsecurity.online/email2.php,#phishing,https://twitter.com/ecarlesi/status/1619544511847219202
2023-01-29 03:54:53,ecarlesi,url,https://m-tsecurity.online/login.php,#phishing,https://twitter.com/ecarlesi/status/1619544586535198722
2023-01-29 03:56:07,ecarlesi,url,https://2v.beauty/,#malware,https://twitter.com/ecarlesi/status/1619544895756058626
2023-01-29 04:05:09,ecarlesi,url,https://netflix-clients.info,#phishing,https://twitter.com/ecarlesi/status/1619547167768592384
2023-01-29 04:09:24,ecarlesi,url,http://tfnregistration.site/,#phishing,https://twitter.com/ecarlesi/status/1619548240080142337
2023-01-29 04:11:05,ecarlesi,url,http://23129.biz/,#malware,https://twitter.com/ecarlesi/status/1619548663344234497
2023-01-29 04:11:13,AtomSpam,url,https://anushka561.github.io/netflix/,#phishing,https://twitter.com/AtomSpam/status/1619548694528901121
2023-01-29 04:13:05,ecarlesi,url,http://tradeworld.exchange/,#phishing,https://twitter.com/ecarlesi/status/1619549167524712449
2023-01-29 04:13:17,AtomSpam,url,https://wetraq.ca/gin/de/login/531e22b7f84843c95e8a/clients/,#phishing,https://twitter.com/AtomSpam/status/1619549215348166660
2023-01-29 04:13:30,ecarlesi,url,http://zban.win/,#malware,https://twitter.com/ecarlesi/status/1619549272361295872
2023-01-29 04:13:53,ecarlesi,url,https://jokercadd.shop/index.php,#phishing,https://twitter.com/ecarlesi/status/1619549365609140225
2023-01-29 04:14:34,ecarlesi,url,http://sunc0astcredituni0n.xyz/,#phishing,https://twitter.com/ecarlesi/status/1619549537462362113
2023-01-29 04:14:39,AtomSpam,url,http://cuboid-crawling-socks.glitch.me/poros.shtml,#phishing,https://twitter.com/AtomSpam/status/1619549561030168577
2023-01-29 04:16:13,ecarlesi,url,http://1v.beauty/,#malware,https://twitter.com/ecarlesi/status/1619549954879488001
2023-01-29 04:16:15,AtomSpam,url,https://puntosgaliclaquiero.net/,#phishing,https://twitter.com/AtomSpam/status/1619549962664087552
2023-01-29 04:16:20,ecarlesi,url,http://62137.biz/,#malware,https://twitter.com/ecarlesi/status/1619549984336003072
2023-01-29 04:16:28,ecarlesi,url,https://64360.biz/,#malware,https://twitter.com/ecarlesi/status/1619550015063482369
2023-01-29 04:16:28,ecarlesi,url,https://5v.beauty/,#malware,https://twitter.com/ecarlesi/status/1619550015436869632
2023-01-29 04:16:35,ecarlesi,url,http://gxxb.win/,#malware,https://twitter.com/ecarlesi/status/1619550047720415233
2023-01-29 04:16:38,ecarlesi,url,http://maaf-carte.fr,#phishing,https://twitter.com/ecarlesi/status/1619550057971286021
2023-01-29 04:17:33,ecarlesi,url,http://jmni.win/,#malware,https://twitter.com/ecarlesi/status/1619550289429729280
2023-01-29 04:18:11,ecarlesi,url,http://sunc0astcredituni0n.xyz/access.php,#phishing,https://twitter.com/ecarlesi/status/1619550449371168770
2023-01-29 04:18:55,ecarlesi,url,https://69598.biz/,#malware,https://twitter.com/ecarlesi/status/1619550635250143235
2023-01-29 04:20:27,ecarlesi,url,http://74498.biz/,#malware,https://twitter.com/ecarlesi/status/1619551018533920769
2023-01-29 04:20:33,ecarlesi,url,http://99131.biz/,#malware,https://twitter.com/ecarlesi/status/1619551046321278976
2023-01-29 04:21:24,ecarlesi,url,https://bigheadsnft.live,#phishing,https://twitter.com/ecarlesi/status/1619551259874189312
2023-01-29 04:21:31,ecarlesi,url,http://99848.biz/,#malware,https://twitter.com/ecarlesi/status/1619551289662181377
2023-01-29 04:24:03,ecarlesi,url,http://61312.biz/,#malware,https://twitter.com/ecarlesi/status/1619551925187366912
2023-01-29 04:28:13,InQuest,url,http://dl.qianxin.com/skylar6/cve-2020-0796-scanner.zip,,https://twitter.com/InQuest/status/1619552974782533637
2023-01-29 04:28:13,InQuest,sha256,599c98f7a80872282c7203ab5e2d648dfda85607edf3616eeee2cbe70895ccf3,,https://twitter.com/InQuest/status/1619552974782533637
2023-01-29 04:30:06,ecarlesi,url,https://5s.beauty/,#malware,https://twitter.com/ecarlesi/status/1619553448306810880
2023-01-29 04:33:11,ecarlesi,url,http://acsj.win/,#malware,https://twitter.com/ecarlesi/status/1619554222298611712
2023-01-29 04:33:11,ecarlesi,url,http://agbw.win/,#malware,https://twitter.com/ecarlesi/status/1619554222642528256
2023-01-29 04:36:26,noladefense,url,https://bafybeidipdxylvjhxn7fb3xmvo5c3jfn7dn6yebbiajjot6dbwod6sft3a.ipfs.dweb.link/,#phishing #scam,https://twitter.com/noladefense/status/1619555043799142400
2023-01-29 04:36:32,noladefense,url,https://bafybeieploeogmaoylvmdrcufo336aztv3bknxmr5xuejwlhswjl6o7whi.ipfs.dweb.link/213.html,#phishing #scam,https://twitter.com/noladefense/status/1619555068172197890
2023-01-29 04:39:04,AtomSpam,url,http://www.acikdenizbank.de/,#phishing,https://twitter.com/AtomSpam/status/1619555705559695362
2023-01-29 04:53:37,ecarlesi,url,http://qcva.win/,#malware,https://twitter.com/ecarlesi/status/1619559367644418048
2023-01-29 04:55:36,ecarlesi,url,http://13735.biz/,#malware,https://twitter.com/ecarlesi/status/1619559863360823298
2023-01-29 05:00:05,AtomSpam,url,https://metamaskey.com/,#phishing,https://twitter.com/AtomSpam/status/1619560994757287937
2023-01-29 05:01:52,AtomSpam,url,https://metamaske.org.cn/,#phishing,https://twitter.com/AtomSpam/status/1619561442075881473
2023-01-29 05:23:45,ecarlesi,url,https://hsa2b.top/,#malware,https://twitter.com/ecarlesi/status/1619566947858882560
2023-01-29 05:26:29,ecarlesi,url,http://nroserverfarm.site/nro%20farm.apk,#malware,https://twitter.com/ecarlesi/status/1619567638656450560
2023-01-29 05:27:33,ecarlesi,url,http://nronewspaper.tech/taive/nro%20newspaper.rar,#malware,https://twitter.com/ecarlesi/status/1619567906282524674
2023-01-29 05:29:43,ecarlesi,url,http://nroserverfarm.site/modnhapcode.apk,#malware,https://twitter.com/ecarlesi/status/1619568451814555648
2023-01-29 05:34:30,ecarlesi,url,http://nronewspaper.tech/taive/nro%20newspaper.apk,#malware,https://twitter.com/ecarlesi/status/1619569655290421248
2023-01-29 06:01:29,RedPacketSec,md5,2525d5867b27f5ee3949880186c35ed7,#malware,https://twitter.com/RedPacketSec/status/1619576447152029696
2023-01-29 06:01:29,RedPacketSec,md5,d80c38192b6a2eb32833de68de263c66,#malware,https://twitter.com/RedPacketSec/status/1619576446254546944
2023-01-29 06:01:29,RedPacketSec,md5,99cc504910231308cd759c3c0b1a00ac,#malware,https://twitter.com/RedPacketSec/status/1619576444329332737
2023-01-29 06:01:29,RedPacketSec,md5,3fdd9b2402350844b482aa6076e18d22,#malware,https://twitter.com/RedPacketSec/status/1619576445256273920
2023-01-29 06:01:30,RedPacketSec,md5,cc4c6842f8a31ee3ac6477b42d34acba,#malware,https://twitter.com/RedPacketSec/status/1619576448188092427
2023-01-29 06:01:30,RedPacketSec,md5,376a3ccb90224d2ad5712bf04c0b9578,#malware,https://twitter.com/RedPacketSec/status/1619576449077321728
2023-01-29 06:01:30,RedPacketSec,md5,5b1d27c0cc55349def2cd69b3d33fdd9,#malware,https://twitter.com/RedPacketSec/status/1619576450130104320
2023-01-29 06:01:30,RedPacketSec,md5,0188b2bb7e59afd6100b75775561f073,#malware,https://twitter.com/RedPacketSec/status/1619576451048644608
2023-01-29 06:01:31,RedPacketSec,md5,a36b584de10085f700f75c6f21620bd2,#malware,https://twitter.com/RedPacketSec/status/1619576452046888960
2023-01-29 06:01:31,RedPacketSec,md5,cce7765c14bdcec1e907d013a875be01,#malware,https://twitter.com/RedPacketSec/status/1619576453099622401
2023-01-29 06:15:00,ecarlesi,url,https://service-sfr-esim.fr,#phishing,https://twitter.com/ecarlesi/status/1619579845561688064
2023-01-29 06:15:23,ecarlesi,url,http://tigz.win/,#malware,https://twitter.com/ecarlesi/status/1619579941510676481
2023-01-29 06:20:31,ecarlesi,url,http://7uad.site/,#malware,https://twitter.com/ecarlesi/status/1619581237160542208
2023-01-29 06:22:49,ecarlesi,url,https://online-ato.cfd/,#phishing,https://twitter.com/ecarlesi/status/1619581812874919936
2023-01-29 06:25:23,ecarlesi,url,http://59321.biz/,#malware,https://twitter.com/ecarlesi/status/1619582458722226176
2023-01-29 06:25:23,ecarlesi,url,http://6n.beauty/,#malware,https://twitter.com/ecarlesi/status/1619582460110508032
2023-01-29 06:31:21,TrackerC2Bot,ip,77.73.134.79,#malware,https://twitter.com/TrackerC2Bot/status/1619583960765419521
2023-01-29 06:32:19,ecarlesi,url,https://6n.beauty/,#malware,https://twitter.com/ecarlesi/status/1619584205029085186
2023-01-29 06:32:26,ecarlesi,url,https://59321.biz/,#malware,https://twitter.com/ecarlesi/status/1619584232577269761
2023-01-29 06:36:33,ecarlesi,url,https://soildswing.net/files.zip,#phishing,https://twitter.com/ecarlesi/status/1619585272068415488
2023-01-29 06:44:42,ecarlesi,url,http://gerryandrade-ca.com,#phishing,https://twitter.com/ecarlesi/status/1619587322521034752
2023-01-29 07:06:17,noladefense,url,https://s.smcbazmsacszu.icu/,#phishing #scam,https://twitter.com/noladefense/status/1619592752785678337
2023-01-29 07:06:17,noladefense,ip,161.35.236.151,#phishing #scam,https://twitter.com/noladefense/status/1619592752785678337
2023-01-29 07:06:21,noladefense,url,https://s.smcbarmsacszu.icu/,#phishing #scam,https://twitter.com/noladefense/status/1619592768627638275
2023-01-29 07:14:18,ecarlesi,url,https://belgeci.org/,#phishing,https://twitter.com/ecarlesi/status/1619594769193115649
2023-01-29 07:39:03,AtomSpam,url,https://attitude.mx/crazmps/index.php,#phishing,https://twitter.com/AtomSpam/status/1619600997432655874
2023-01-29 07:40:44,noladefense,ip,155.94.194.123,#phishing #scam,https://twitter.com/noladefense/status/1619601421770588160
2023-01-29 07:57:35,ecarlesi,url,http://assist-365online.com/,#phishing,https://twitter.com/ecarlesi/status/1619605661704241152
2023-01-29 08:02:38,ecarlesi,url,https://redirbeposts.com,#phishing,https://twitter.com/ecarlesi/status/1619606934704857088
2023-01-29 08:04:37,ecarlesi,url,http://xn--xwqa.com/,#malware,https://twitter.com/ecarlesi/status/1619607432078008320
2023-01-29 08:06:05,ecarlesi,url,https://compila-disconoscimento.com,#phishing,https://twitter.com/ecarlesi/status/1619607800442667013
2023-01-29 08:06:10,ecarlesi,url,http://reaload-webfiliale2.com/,#phishing,https://twitter.com/ecarlesi/status/1619607821821132800
2023-01-29 08:09:30,ecarlesi,url,https://fadimeteyze.com/,#phishing,https://twitter.com/ecarlesi/status/1619608661512392705
2023-01-29 08:10:11,ecarlesi,url,https://reaload-webfiliale2.com/,#phishing,https://twitter.com/ecarlesi/status/1619608833378107392
2023-01-29 08:11:23,ecarlesi,url,https://nnyg0vaustralia.com/myg0v/,#phishing,https://twitter.com/ecarlesi/status/1619609133962911744
2023-01-29 08:12:52,ecarlesi,url,https://login-facturation.com,#phishing,https://twitter.com/ecarlesi/status/1619609507360800768
2023-01-29 08:16:44,ecarlesi,url,https://reset-365online.com/,#phishing,https://twitter.com/ecarlesi/status/1619610481223680000
2023-01-29 08:21:35,ecarlesi,url,https://revolut-review-online.com,#phishing,https://twitter.com/ecarlesi/status/1619611703422976002
2023-01-29 08:22:29,ecarlesi,url,http://55184.org/,#malware,https://twitter.com/ecarlesi/status/1619611929709871105
2023-01-29 08:22:48,ecarlesi,url,http://55234.org/,#malware,https://twitter.com/ecarlesi/status/1619612010320117761
2023-01-29 08:22:53,ecarlesi,url,http://55204.org/,#malware,https://twitter.com/ecarlesi/status/1619612030431805440
2023-01-29 08:23:37,ecarlesi,url,http://55224.org/,#malware,https://twitter.com/ecarlesi/status/1619612215534927873
2023-01-29 08:23:53,ecarlesi,url,https://moneyloan-tw.com,#phishing,https://twitter.com/ecarlesi/status/1619612282966753282
2023-01-29 08:24:08,ecarlesi,url,http://55204.org/index.html?sharename=55204.org,#malware,https://twitter.com/ecarlesi/status/1619612342483836928
2023-01-29 08:25:57,ecarlesi,url,http://55224.org/index.html?sharename=55224.org,#malware,https://twitter.com/ecarlesi/status/1619612801466515456
2023-01-29 08:26:01,ecarlesi,url,http://55194.org/,#malware,https://twitter.com/ecarlesi/status/1619612820353466369
2023-01-29 08:26:24,ecarlesi,url,http://55234.org/index.html?sharename=55234.org,#malware,https://twitter.com/ecarlesi/status/1619612913488068609
2023-01-29 08:26:29,ecarlesi,url,http://55188.org/,#malware,https://twitter.com/ecarlesi/status/1619612934895796225
2023-01-29 08:26:31,ecarlesi,url,http://55194.org/index.html?sharename=55194.org,#malware,https://twitter.com/ecarlesi/status/1619612943540174853
2023-01-29 08:27:53,ecarlesi,url,http://55184.org/index.html?sharename=55184.org,#malware,https://twitter.com/ecarlesi/status/1619613289566044161
2023-01-29 08:28:26,ecarlesi,url,http://pizza-verify.com/,#phishing,https://twitter.com/ecarlesi/status/1619613426887557121
2023-01-29 08:29:36,ecarlesi,url,http://ozelyapidizayn.com/wordpress.zip,#phishing,https://twitter.com/ecarlesi/status/1619613718639255553
2023-01-29 08:30:06,AtomSpam,url,https://login.orange.fr.cme.orchidiapharma.com/,#phishing,https://twitter.com/AtomSpam/status/1619613846406062080
2023-01-29 08:33:35,ecarlesi,url,https://pizza-verify.com/,#phishing,https://twitter.com/ecarlesi/status/1619614722168442880
2023-01-29 08:36:50,ecarlesi,url,https://iex878.com/,#malware,https://twitter.com/ecarlesi/status/1619615538828771329
2023-01-29 08:39:04,AtomSpam,url,http://www.reset-365online.com/,#phishing,https://twitter.com/AtomSpam/status/1619616102849384449
2023-01-29 08:50:32,ecarlesi,url,http://t-mobiile-de.com/vr.de/,#phishing,https://twitter.com/ecarlesi/status/1619618989470093313
2023-01-29 08:55:23,v4ensics,url,https://rcl.ink/ntqh5),#phishing,https://twitter.com/v4ensics/status/1619620207684915202
2023-01-29 08:58:40,ecarlesi,url,https://menofer.com/,#phishing,https://twitter.com/ecarlesi/status/1619621035464167425
2023-01-29 08:58:40,ecarlesi,url,https://forsamo.com/,#phishing,https://twitter.com/ecarlesi/status/1619621036063858688
2023-01-29 09:02:21,ecarlesi,url,https://t-mobiile-de.com/vr.de/,#phishing,https://twitter.com/ecarlesi/status/1619621962703052800
2023-01-29 09:03:09,ecarlesi,url,http://xuiooxoioere.com/,#phishing,https://twitter.com/ecarlesi/status/1619622163606081536
2023-01-29 09:03:35,ecarlesi,url,https://unusual-attempt.com/,#phishing,https://twitter.com/ecarlesi/status/1619622271429275649
2023-01-29 09:06:55,ecarlesi,url,http://55093.org/,#malware,https://twitter.com/ecarlesi/status/1619623109090230273
2023-01-29 09:07:15,ecarlesi,url,http://55093.org/index.html?sharename=55093.org,#malware,https://twitter.com/ecarlesi/status/1619623195471921152
2023-01-29 09:07:55,ecarlesi,url,http://suivi-dh-information.com,#phishing,https://twitter.com/ecarlesi/status/1619623360824020992
2023-01-29 09:08:21,ecarlesi,url,http://55069.org/,#malware,https://twitter.com/ecarlesi/status/1619623471239274496
2023-01-29 09:08:35,ecarlesi,url,https://unusual-attempt.com/access.php,#phishing,https://twitter.com/ecarlesi/status/1619623530227974149
2023-01-29 09:08:47,ecarlesi,url,https://55102.org/index.html?sharename=55102.org,#malware,https://twitter.com/ecarlesi/status/1619623580290924544
2023-01-29 09:09:05,ecarlesi,url,http://55069.org/index.html?sharename=55069.org,#malware,https://twitter.com/ecarlesi/status/1619623657202126850
2023-01-29 09:10:01,ecarlesi,url,https://55241.org/,#malware,https://twitter.com/ecarlesi/status/1619623890669404160
2023-01-29 09:10:02,ecarlesi,url,https://55097.org/,#malware,https://twitter.com/ecarlesi/status/1619623896839323649
2023-01-29 09:10:04,ecarlesi,url,https://55096.org/,#malware,https://twitter.com/ecarlesi/status/1619623904540082177
2023-01-29 09:13:26,ecarlesi,url,https://55089.org/,#malware,https://twitter.com/ecarlesi/status/1619624751894523904
2023-01-29 09:13:32,ecarlesi,url,http://menofer.com/,#phishing,https://twitter.com/ecarlesi/status/1619624774615056385
2023-01-29 09:14:58,ecarlesi,url,https://platin-application.com/detect.php,#phishing,https://twitter.com/ecarlesi/status/1619625137837416448
2023-01-29 09:15:03,ecarlesi,url,https://55106.org/index.html?sharename=55106.org,#malware,https://twitter.com/ecarlesi/status/1619625156615315457
2023-01-29 09:15:03,ecarlesi,url,http://55094.org/,#malware,https://twitter.com/ecarlesi/status/1619625159622643713
2023-01-29 09:15:48,ecarlesi,url,https://55082.org/,#malware,https://twitter.com/ecarlesi/status/1619625348534267905
2023-01-29 09:15:53,ecarlesi,url,https://55098.org/,#malware,https://twitter.com/ecarlesi/status/1619625369459376128
2023-01-29 09:16:49,ecarlesi,url,https://55097.org/index.html?sharename=55097.org,#malware,https://twitter.com/ecarlesi/status/1619625602520162304
2023-01-29 09:17:27,ecarlesi,url,https://55078.org/,#malware,https://twitter.com/ecarlesi/status/1619625760322641920
2023-01-29 09:20:47,ecarlesi,url,https://55073.org/index.html?sharename=55073.org,#malware,https://twitter.com/ecarlesi/status/1619626600190070784
2023-01-29 09:20:50,ecarlesi,url,https://55086.org/,#malware,https://twitter.com/ecarlesi/status/1619626611762167813
2023-01-29 09:21:06,ecarlesi,url,https://55070.org/,#malware,https://twitter.com/ecarlesi/status/1619626679441453056
2023-01-29 09:21:39,ecarlesi,url,https://55067.org/,#malware,https://twitter.com/ecarlesi/status/1619626819841564672
2023-01-29 09:22:06,ecarlesi,url,https://55068.org/index.html?sharename=55068.org,#malware,https://twitter.com/ecarlesi/status/1619626932404121600
2023-01-29 09:22:07,ecarlesi,url,https://55076.org/,#malware,https://twitter.com/ecarlesi/status/1619626937529569280
2023-01-29 09:22:07,ecarlesi,url,https://55090.org/index.html?sharename=55090.org,#malware,https://twitter.com/ecarlesi/status/1619626937567309824
2023-01-29 09:22:15,ecarlesi,url,https://mon-soldenetflix.com,#phishing,https://twitter.com/ecarlesi/status/1619626971499220998
2023-01-29 09:22:54,ecarlesi,url,https://55065.org/,#malware,https://twitter.com/ecarlesi/status/1619627134582136832
2023-01-29 09:24:26,ecarlesi,url,https://55101.org/,#malware,https://twitter.com/ecarlesi/status/1619627521456197632
2023-01-29 09:26:40,ecarlesi,url,https://55078.org/index.html?sharename=55078.org,#malware,https://twitter.com/ecarlesi/status/1619628082528407558
2023-01-29 09:26:41,ecarlesi,url,https://55164.org/,#malware,https://twitter.com/ecarlesi/status/1619628087498489856
2023-01-29 09:26:42,ecarlesi,url,https://xn--orwp0y.com/,#malware,https://twitter.com/ecarlesi/status/1619628091420336128
2023-01-29 09:26:42,ecarlesi,url,https://55242.org/,#malware,https://twitter.com/ecarlesi/status/1619628091541782528
2023-01-29 09:26:45,ecarlesi,url,http://55094.org/index.html?sharename=55094.org,#malware,https://twitter.com/ecarlesi/status/1619628100614062081
2023-01-29 09:27:37,ecarlesi,url,https://55075.org/index.html?sharename=55075.org,#malware,https://twitter.com/ecarlesi/status/1619628319745646592
2023-01-29 09:28:35,ecarlesi,url,https://55077.org/index.html?sharename=55077.org,#malware,https://twitter.com/ecarlesi/status/1619628565724827649
2023-01-29 09:28:36,ecarlesi,url,http://sarahwellingtonxx.com/,#phishing,https://twitter.com/ecarlesi/status/1619628567318466562
2023-01-29 09:28:36,ecarlesi,url,https://55085.org/index.html?sharename=55085.org,#malware,https://twitter.com/ecarlesi/status/1619628569575170049
2023-01-29 09:28:37,ecarlesi,url,https://55071.org/,#malware,https://twitter.com/ecarlesi/status/1619628571164807169
2023-01-29 09:28:37,ecarlesi,url,https://55079.org/,#malware,https://twitter.com/ecarlesi/status/1619628571093532672
2023-01-29 09:30:32,ecarlesi,url,https://55079.org/index.html?sharename=55079.org,#malware,https://twitter.com/ecarlesi/status/1619629055548207107
2023-01-29 09:37:06,ecarlesi,url,http://carliredir.com,#phishing,https://twitter.com/ecarlesi/status/1619630705713025025
2023-01-29 09:44:53,ecarlesi,url,https://online-secure-support.com/pages,#phishing,https://twitter.com/ecarlesi/status/1619632665094668289
2023-01-29 09:49:04,AtomSpam,url,http://www.assist-365online.com/,#phishing,https://twitter.com/AtomSpam/status/1619633719500734464
2023-01-29 09:50:01,dnstwist,domain,steamcommunitu.com,#phishing,https://twitter.com/dnstwist/status/1619633957976379393
2023-01-29 09:50:25,ecarlesi,url,http://sfr-regularisation.com,#phishing,https://twitter.com/ecarlesi/status/1619634059583307776
2023-01-29 09:51:06,ecarlesi,url,http://xn--jduy5l.com/,#malware,https://twitter.com/ecarlesi/status/1619634230610255873
2023-01-29 09:51:17,ecarlesi,url,http://xn--wwsw0a3jo2btz4r.com/,#malware,https://twitter.com/ecarlesi/status/1619634276265345026
2023-01-29 09:51:31,ecarlesi,url,http://xn--wwsz6d79dbwpc26d.com/,#malware,https://twitter.com/ecarlesi/status/1619634337103708162
2023-01-29 09:55:44,ecarlesi,url,http://xn--15t16w.com/,#malware,https://twitter.com/ecarlesi/status/1619635397167878144
2023-01-29 09:56:40,ecarlesi,url,https://xn--15t16w.com/,#malware,https://twitter.com/ecarlesi/status/1619635631008669696
2023-01-29 09:59:42,ecarlesi,url,http://nxbet.online/casino.zip,#phishing,https://twitter.com/ecarlesi/status/1619636392832679937
2023-01-29 10:00:50,ecarlesi,url,http://xn--wwsz6dowodiecz5f.com/,#malware,https://twitter.com/ecarlesi/status/1619636677827350528
2023-01-29 10:06:10,ecarlesi,url,http://55103.org/,#malware,https://twitter.com/ecarlesi/status/1619638022990962689
2023-01-29 10:06:10,ecarlesi,url,http://55099.org/,#malware,https://twitter.com/ecarlesi/status/1619638023016030208
2023-01-29 10:06:10,ecarlesi,url,http://55101.org/,#malware,https://twitter.com/ecarlesi/status/1619638023116980224
2023-01-29 10:06:10,ecarlesi,url,http://55124.org/,#malware,https://twitter.com/ecarlesi/status/1619638023204884481
2023-01-29 10:06:19,ecarlesi,url,http://55107.org/,#malware,https://twitter.com/ecarlesi/status/1619638059036704769
2023-01-29 10:06:19,ecarlesi,url,http://55105.org/,#malware,https://twitter.com/ecarlesi/status/1619638059145871361
2023-01-29 10:10:06,ecarlesi,url,http://55164.org/index.html?sharename=55164.org,#malware,https://twitter.com/ecarlesi/status/1619639013022769157
2023-01-29 10:10:06,ecarlesi,url,http://55105.org/index.html?sharename=55105.org,#malware,https://twitter.com/ecarlesi/status/1619639013287018496
2023-01-29 10:10:07,ecarlesi,url,http://55107.org/index.html?sharename=55107.org,#malware,https://twitter.com/ecarlesi/status/1619639016256593922
2023-01-29 10:10:08,ecarlesi,url,http://55101.org/index.html?sharename=55101.org,#malware,https://twitter.com/ecarlesi/status/1619639020757073920
2023-01-29 10:10:09,ecarlesi,url,http://55242.org/index.html?sharename=55242.org,#malware,https://twitter.com/ecarlesi/status/1619639023382806528
2023-01-29 10:10:58,ecarlesi,url,http://55240.org/index.html?sharename=55240.org,#malware,https://twitter.com/ecarlesi/status/1619639228463185920
2023-01-29 10:11:23,ecarlesi,url,http://55103.org/index.html?sharename=55103.org,#malware,https://twitter.com/ecarlesi/status/1619639336487501824
2023-01-29 10:11:36,ecarlesi,url,http://55124.org/index.html?sharename=55124.org,#malware,https://twitter.com/ecarlesi/status/1619639390862544896
2023-01-29 10:11:53,ecarlesi,url,https://15363.org:8443/index.html?sharename=15363.org,#malware,https://twitter.com/ecarlesi/status/1619639458759942144
2023-01-29 10:12:45,ecarlesi,url,https://15364.org:8443/index.html?sharename=15364.org,#malware,https://twitter.com/ecarlesi/status/1619639676947599360
2023-01-29 10:13:46,ecarlesi,url,https://15383.org:8443/index.html?sharename=15383.org,#malware,https://twitter.com/ecarlesi/status/1619639932552728578
2023-01-29 10:14:18,ecarlesi,url,https://15358.org:8443/index.html?sharename=15358.org,#malware,https://twitter.com/ecarlesi/status/1619640068737581056
2023-01-29 10:14:46,ecarlesi,url,https://15400.org:8443/index.html?sharename=15400.org,#malware,https://twitter.com/ecarlesi/status/1619640185813176320
2023-01-29 10:15:00,ecarlesi,url,https://15406.org:8443/index.html?sharename=15406.org,#malware,https://twitter.com/ecarlesi/status/1619640245921652736
2023-01-29 10:15:31,ecarlesi,url,https://15356.org:8443/index.html?sharename=15356.org,#malware,https://twitter.com/ecarlesi/status/1619640376754688001
2023-01-29 10:15:38,ecarlesi,url,https://15361.org:8443/index.html?sharename=15361.org,#malware,https://twitter.com/ecarlesi/status/1619640405686894593
2023-01-29 10:16:14,ecarlesi,url,https://15394.org:8443/index.html?sharename=15394.org,#malware,https://twitter.com/ecarlesi/status/1619640556384034817
2023-01-29 10:16:20,noladefense,url,https://www.newwwei.com/,#phishing #scam,https://twitter.com/noladefense/status/1619640580279246848
2023-01-29 10:16:20,noladefense,ip,204.152.210.213,#phishing #scam,https://twitter.com/noladefense/status/1619640580279246848
2023-01-29 10:16:21,ecarlesi,url,http://robertxxstevens.com/,#phishing,https://twitter.com/ecarlesi/status/1619640586059005956
2023-01-29 10:16:33,ecarlesi,url,https://15354.org:8443/index.html?sharename=15354.org,#malware,https://twitter.com/ecarlesi/status/1619640636184854529
2023-01-29 10:16:33,ecarlesi,url,https://15384.org:8443/index.html?sharename=15384.org,#malware,https://twitter.com/ecarlesi/status/1619640636407255040
2023-01-29 10:16:57,ecarlesi,url,https://15353.org:8443/index.html?sharename=15353.org,#malware,https://twitter.com/ecarlesi/status/1619640733819961355
2023-01-29 10:17:36,ecarlesi,url,https://15392.org:8443/index.html?sharename=15392.org,#malware,https://twitter.com/ecarlesi/status/1619640897506770947
2023-01-29 10:18:10,ecarlesi,url,https://15352.org:8443/index.html?sharename=15352.org,#malware,https://twitter.com/ecarlesi/status/1619641040637501441
2023-01-29 10:18:46,ecarlesi,url,http://15399.org/,#malware,https://twitter.com/ecarlesi/status/1619641194270658562
2023-01-29 10:18:51,ecarlesi,url,https://15360.org:8443/index.html?sharename=15360.org,#malware,https://twitter.com/ecarlesi/status/1619641215766388738
2023-01-29 10:18:59,ecarlesi,url,https://15351.org:8443/index.html?sharename=15351.org,#malware,https://twitter.com/ecarlesi/status/1619641246233886720
2023-01-29 10:19:12,ecarlesi,url,https://15381.org:8443/index.html?sharename=15381.org,#malware,https://twitter.com/ecarlesi/status/1619641302416498689
2023-01-29 10:19:42,ecarlesi,url,https://15380.org:8443/index.html?sharename=15380.org,#malware,https://twitter.com/ecarlesi/status/1619641429491318786
2023-01-29 10:19:43,ecarlesi,url,http://15401.org/,#malware,https://twitter.com/ecarlesi/status/1619641429810200576
2023-01-29 10:19:43,ecarlesi,url,https://15386.org:8443/index.html?sharename=15386.org,#malware,https://twitter.com/ecarlesi/status/1619641433899601920
2023-01-29 10:19:46,ecarlesi,url,http://15405.org/,#malware,https://twitter.com/ecarlesi/status/1619641442518945793
2023-01-29 10:20:49,ecarlesi,url,https://15401.org:8443/index.html?sharename=15401.org,#malware,https://twitter.com/ecarlesi/status/1619641707179528198
2023-01-29 10:22:44,ecarlesi,url,https://15359.org:8443/index.html?sharename=15359.org,#malware,https://twitter.com/ecarlesi/status/1619642192917561344
2023-01-29 10:22:47,ecarlesi,url,https://15385.org:8443/index.html?sharename=15385.org,#malware,https://twitter.com/ecarlesi/status/1619642205307551750
2023-01-29 10:23:42,ecarlesi,url,http://poviedky18plus.sk,#phishing,https://twitter.com/ecarlesi/status/1619642435985866752
2023-01-29 10:26:33,ecarlesi,url,https://xn--wwsz6dowodiecz5f.com/,#malware,https://twitter.com/ecarlesi/status/1619643150053830656
2023-01-29 10:41:13,ecarlesi,url,https://lop451.com/,#malware,https://twitter.com/ecarlesi/status/1619646843461447682
2023-01-29 10:42:43,ecarlesi,url,https://haticons.com,#phishing,https://twitter.com/ecarlesi/status/1619647221527646209
2023-01-29 11:12:38,ecarlesi,url,http://36629.biz/,#malware,https://twitter.com/ecarlesi/status/1619654748684132352
2023-01-29 11:12:57,ecarlesi,url,https://15350.org:8443/index.html?sharename=15350.org,#malware,https://twitter.com/ecarlesi/status/1619654828266852355
2023-01-29 11:16:50,ecarlesi,url,https://nse-c-u.site/,#phishing,https://twitter.com/ecarlesi/status/1619655806156251137
2023-01-29 11:17:30,ecarlesi,url,https://15404.org:8443/index.html?sharename=15404.org,#malware,https://twitter.com/ecarlesi/status/1619655975467728898
2023-01-29 11:17:34,ecarlesi,url,https://nse-c-u.site/main,#phishing,https://twitter.com/ecarlesi/status/1619655988981669888
2023-01-29 11:18:43,ecarlesi,url,https://55109.org/index.html?sharename=55109.org,#malware,https://twitter.com/ecarlesi/status/1619656279076528128
2023-01-29 11:21:12,ecarlesi,url,https://nse-c-u.site/main/,#phishing,https://twitter.com/ecarlesi/status/1619656906116571137
2023-01-29 11:26:17,drb_ra,ip,81.161.229.168,#CobaltStrike,https://twitter.com/drb_ra/status/1619658182036492294
2023-01-29 11:28:39,drb_ra,ip,47.106.193.75,#CobaltStrike,https://twitter.com/drb_ra/status/1619658781423538178
2023-01-29 11:29:51,drb_ra,domain,devcloudpro.com,#CobaltStrike,https://twitter.com/drb_ra/status/1619659081869819904
2023-01-29 11:29:51,drb_ra,ip,194.165.16.64,#CobaltStrike,https://twitter.com/drb_ra/status/1619659081869819904
2023-01-29 11:29:54,ecarlesi,md5,f50e79b436e7ab17d070ca3dc45b9817,#phishing,https://twitter.com/ecarlesi/status/1619659094679339008
2023-01-29 11:34:25,noladefense,url,https://www.935252y.com/jp,#phishing #scam,https://twitter.com/noladefense/status/1619660229641117697
2023-01-29 11:34:25,noladefense,ip,104.129.5.195,#phishing #scam,https://twitter.com/noladefense/status/1619660229641117697
2023-01-29 11:35:37,ecarlesi,url,https://koinmatrixtrade.com/len.zip,#phishing,https://twitter.com/ecarlesi/status/1619660533749121024
2023-01-29 11:35:50,ecarlesi,url,https://corinjcbob.com,#phishing,https://twitter.com/ecarlesi/status/1619660587675312129
2023-01-29 11:39:06,AtomSpam,url,http://privada-bancosantander.com/,#phishing,https://twitter.com/AtomSpam/status/1619661410371358720
2023-01-29 11:40:09,ecarlesi,url,http://15393.org/,#malware,https://twitter.com/ecarlesi/status/1619661675388338177
2023-01-29 11:40:44,ecarlesi,url,https://15393.org:8443/index.html?sharename=15393.org,#malware,https://twitter.com/ecarlesi/status/1619661821169881088
2023-01-29 11:44:49,ecarlesi,url,http://abonnements-facture-be-net.com,#phishing,https://twitter.com/ecarlesi/status/1619662846211530752
2023-01-29 11:47:21,ecarlesi,url,http://15346.org/,#malware,https://twitter.com/ecarlesi/status/1619663485205454849
2023-01-29 11:49:05,AtomSpam,url,https://colombiaphp.bancophp.repl.co/,#phishing,https://twitter.com/AtomSpam/status/1619663920850927616
2023-01-29 11:49:57,quicksandphish,url,http://dcald-caredi.com,#phishing,https://twitter.com/quicksandphish/status/1619664140318183425
2023-01-29 11:50:11,ecarlesi,url,https://15346.org:8443/index.html?sharename=15346.org,#malware,https://twitter.com/ecarlesi/status/1619664198178332673
2023-01-29 11:50:56,quicksandphish,url,https://dcald-careo.com/auth/cgi/anidlogin,#phishing,https://twitter.com/quicksandphish/status/1619664388146995200
2023-01-29 11:51:56,quicksandphish,url,http://dcald-caredi.com/auth/cgi/anidlogin,#phishing,https://twitter.com/quicksandphish/status/1619664638333054980
2023-01-29 11:55:32,ecarlesi,url,https://segundaviaminhafatura.com,#phishing,https://twitter.com/ecarlesi/status/1619665543702761472
2023-01-29 12:00:31,Merlax_,url,http://188.121.116.157/,#malware,https://twitter.com/Merlax_/status/1619666797879255041
2023-01-29 12:00:31,Merlax_,url,http://51.77.193.20/eliteseguros/autorizar.php,#malware,https://twitter.com/Merlax_/status/1619666797879255041
2023-01-29 12:00:31,Merlax_,ip,188.121.116.157,#malware,https://twitter.com/Merlax_/status/1619666797879255041
2023-01-29 12:00:31,Merlax_,ip,54.221.142.212,#malware,https://twitter.com/Merlax_/status/1619666797879255041
2023-01-29 12:00:31,Merlax_,ip,51.77.193.20,#malware,https://twitter.com/Merlax_/status/1619666797879255041
2023-01-29 12:00:31,Merlax_,ip,52.67.94.240,#malware,https://twitter.com/Merlax_/status/1619666797879255041
2023-01-29 12:00:31,Merlax_,ip,89.223.88.138,#malware,https://twitter.com/Merlax_/status/1619666797879255041
2023-01-29 12:00:31,Merlax_,ip,149.56.91.172,#malware,https://twitter.com/Merlax_/status/1619666797879255041
2023-01-29 12:00:31,Merlax_,ip,177.73.101.138,#malware,https://twitter.com/Merlax_/status/1619666797879255041
2023-01-29 12:00:31,Merlax_,ip,186.249.213.39,#malware,https://twitter.com/Merlax_/status/1619666797879255041
2023-01-29 12:02:39,RedPacketSec,md5,da627411e7e85229355ed325520a7d4e,#malware,https://twitter.com/RedPacketSec/status/1619667337006796802
2023-01-29 12:02:40,RedPacketSec,md5,bfe6ee8069f6e7c572382a97fd16d104,#malware,https://twitter.com/RedPacketSec/status/1619667338021715968
2023-01-29 12:02:40,RedPacketSec,md5,5e887fdac8a3cac0b047a737043789a8,#malware,https://twitter.com/RedPacketSec/status/1619667339040915457
2023-01-29 12:02:40,RedPacketSec,md5,360ef53ce1b09b03998bf2ab743f7dc7,#malware,https://twitter.com/RedPacketSec/status/1619667340081217536
2023-01-29 12:02:40,RedPacketSec,md5,f6d4d4b428393d0d8b55165c2a9076dd,#malware,https://twitter.com/RedPacketSec/status/1619667341100335104
2023-01-29 12:02:40,RedPacketSec,md5,4b51df4028f1d801c45f07daa07d9c90,#malware,https://twitter.com/RedPacketSec/status/1619667342031552516
2023-01-29 12:02:41,RedPacketSec,md5,d16e82ba2c319750e888f763d98a3a8c,#malware,https://twitter.com/RedPacketSec/status/1619667343101009922
2023-01-29 12:02:41,RedPacketSec,md5,45f3f9b201644ddadf6204497c9adb49,#malware,https://twitter.com/RedPacketSec/status/1619667344036429828
2023-01-29 12:02:41,RedPacketSec,md5,84afdad4a70a6122c3f157100a197db7,#malware,https://twitter.com/RedPacketSec/status/1619667344971661313
2023-01-29 12:02:41,RedPacketSec,md5,fee7c379f3a555c5c821e872ec384a91,#malware #ransomware,https://twitter.com/RedPacketSec/status/1619667345986682880
2023-01-29 12:02:42,RedPacketSec,md5,fc50e05b611db89a9c7eb359e68ebc5f,#malware,https://twitter.com/RedPacketSec/status/1619667346917924865
2023-01-29 12:02:42,RedPacketSec,md5,a3dd84a411b7edddae84278455400dd5,#malware,https://twitter.com/RedPacketSec/status/1619667347848978435
2023-01-29 12:06:29,noladefense,url,http://www.luyenthinguyentriphuong.vn/csss/linkedinhardxxx/900/,#phishing #scam,https://twitter.com/noladefense/status/1619668300987830273
2023-01-29 12:06:29,noladefense,ip,42.112.21.207,#phishing #scam,https://twitter.com/noladefense/status/1619668300987830273
2023-01-29 12:06:35,noladefense,url,https://round-waterfall-0a28onedrive.x1769803359.workers.dev/?sso_reload=true,#phishing #scam,https://twitter.com/noladefense/status/1619668325298016259
2023-01-29 12:06:57,ecarlesi,url,https://eire-365onlinehelp.com/,#phishing,https://twitter.com/ecarlesi/status/1619668417275133954
2023-01-29 12:09:06,AtomSpam,url,http://pralgox.com/chaseverification00000/home,#phishing,https://twitter.com/AtomSpam/status/1619668960261062656
2023-01-29 12:09:23,ecarlesi,url,https://15328.org/,#malware,https://twitter.com/ecarlesi/status/1619669029911666689
2023-01-29 12:09:24,ecarlesi,url,https://15324.org/,#malware,https://twitter.com/ecarlesi/status/1619669034756149249
2023-01-29 12:09:24,ecarlesi,url,https://15321.org:8443/index.html?sharename=15321.org,#malware,https://twitter.com/ecarlesi/status/1619669035020320768
2023-01-29 12:10:09,ecarlesi,url,https://15330.org/,#malware,https://twitter.com/ecarlesi/status/1619669223478886401
2023-01-29 12:11:28,ecarlesi,url,https://15320.org/,#malware,https://twitter.com/ecarlesi/status/1619669555898466304
2023-01-29 12:11:59,ecarlesi,url,https://15322.org:8443/index.html?sharename=15322.org,#malware,https://twitter.com/ecarlesi/status/1619669684130922497
2023-01-29 12:12:52,ecarlesi,url,https://15318.org:8443/index.html?sharename=15318.org,#malware,https://twitter.com/ecarlesi/status/1619669906982592514
2023-01-29 12:13:10,ecarlesi,url,https://15330.org:8443/index.html?sharename=15330.org,#malware,https://twitter.com/ecarlesi/status/1619669983591600169
2023-01-29 12:13:10,ecarlesi,url,https://15323.org:8443/index.html?sharename=15323.org,#malware,https://twitter.com/ecarlesi/status/1619669984015171585
2023-01-29 12:13:14,ecarlesi,url,https://15320.org:8443/index.html?sharename=15320.org,#malware,https://twitter.com/ecarlesi/status/1619669997810335744
2023-01-29 12:13:17,ecarlesi,url,https://15332.org/,#malware,https://twitter.com/ecarlesi/status/1619670013291413506
2023-01-29 12:17:16,ecarlesi,url,https://15338.org:8443/index.html?sharename=15338.org,#malware,https://twitter.com/ecarlesi/status/1619671015428345861
2023-01-29 12:18:45,ecarlesi,url,https://15348.org/,#malware,https://twitter.com/ecarlesi/status/1619671388285177858
2023-01-29 12:19:03,AtomSpam,url,https://om-120.github.io/netflix,#phishing,https://twitter.com/AtomSpam/status/1619671464923336704
2023-01-29 12:19:56,ecarlesi,url,https://15334.org/,#malware,https://twitter.com/ecarlesi/status/1619671686596669440
2023-01-29 12:19:57,quicksandphish,url,https://dcald-careo.com,#phishing,https://twitter.com/quicksandphish/status/1619671688396025857
2023-01-29 12:21:04,ecarlesi,url,https://15348.org:8443/index.html?sharename=15348.org,#malware,https://twitter.com/ecarlesi/status/1619671970450374656
2023-01-29 12:22:38,ecarlesi,url,http://peaksitconsultants.com/peaks.zip,#phishing,https://twitter.com/ecarlesi/status/1619672362948988930
2023-01-29 12:23:05,AtomSpam,url,https://suyash2711.github.io/netflix_clone,#phishing,https://twitter.com/AtomSpam/status/1619672476367159297
2023-01-29 12:23:37,ecarlesi,url,http://15370.org/,#malware,https://twitter.com/ecarlesi/status/1619672612900319233
